label,message
safe,Assalamualaikum parents hari ini murid balik 12 30 tengah hari
safe,Reminder bawa buku latihan BM esok ya
safe,Kelas tambahan Matematik hari Rabu 2 30 petang
safe,Harap ibu bapa semak buku komunikasi anak malam ini
safe,Tugasan Sains perlu dihantar sebelum Jumaat
safe,Pihak sekolah minta ibu bapa isi borang kebenaran lawatan
safe,Mesyuarat PIBG akan diadakan Sabtu ini jam 9 pagi
safe,Cikgu akan share nota dalam group selepas kelas
safe,Sila pastikan anak bawa pakaian sukan hari Khamis
safe,Selamat pagi semua mohon maklumkan jika anak tidak hadir
safe,Parents please remind anak siapkan homework English
safe,Link Google Meet kelas online akan diberi 10 min sebelum mula
safe,Sila hantar yuran aktiviti melalui saluran sekolah yang biasa
safe,Perhatian esok ada latihan kebakaran di sekolah
safe,Minggu depan ada ujian BM dan BI sila buat ulangkaji
safe,Terima kasih ibu bapa atas kerjasama hari ini
safe,Cikgu perlukan salinan sijil lahir anak untuk rekod
safe,Anak akan bawa balik surat makluman hari ini
safe,Jika ada pertanyaan boleh PM cikgu ya
safe,Esok murid pakai baju unit beruniform
safe,Reminder bawa alat tulis lengkap
safe,Parents mohon semak jadual peperiksaan yang cikgu bagi
safe,Kelas ganti hari ini dibatalkan
safe,Harap maklum cuti umum hari Isnin
safe,Anak diminta bawa botol air sendiri
safe,Sila pastikan anak sarapan sebelum datang sekolah
safe,Info program gotong royong hujung minggu ini
safe,Cikgu akan buat kuiz ringkas dalam kelas esok
safe,Terima kasih sebab cepat respon
safe,Slip keputusan akan diedarkan minggu depan
safe,Parents mohon tandatangan buku rekod bacaan
safe,Assalam mohon ibu bapa hadir ambil buku teks
safe,Kelas Pendidikan Islam mula 7 30 tepat
safe,Parents please check group for updated timetable
safe,Sila ingatkan anak bawa topi semasa aktiviti luar
safe,Anak ada latihan sukan petang ini
safe,Borang kebenaran perlu dipulangkan esok
safe,Cikgu akan call jika ada hal penting
safe,Mohon pastikan anak masuk kelas online ikut masa
safe,Terima kasih semua
safe,Sila semak mesej dari sekolah dalam group rasmi
safe,Parents mohon update nombor telefon jika bertukar
safe,Esok ada ujian spelling English
safe,Latihan buku 2 muka surat 15 hingga 18
safe,Cikgu share gambar aktiviti hari ini dalam group
safe,Mohon maaf ganggu malam malam
safe,Parents ingatkan anak tidur awal esok ada ujian
safe,Assalam kelas tamat 1 00 tengah hari
safe,Sila bawa fail warna biru esok
safe,Reminder hantar buku latihan untuk semakan
safe,Parents boleh hubungi guru kelas untuk urusan bayaran sekolah
safe,Anak perlu bawa apron untuk kelas RBT
safe,Esok murid bawa bekal sendiri
safe,Perhatian program bacaan NILAM minggu ini
safe,Sila pastikan anak bawa kad pelajar
safe,Parents please reply hadir atau tidak untuk lawatan
safe,Terima kasih kerana maklumkan anak demam
safe,Cikgu akan upload latihan dalam Google Classroom
safe,Sila pastikan anak tidak bawa barang berharga
safe,Esok ada latihan muzik
safe,Parents mohon semak kerja sekolah anak
safe,Assalam please check buku latihan Math
safe,Harap maklum kelas tamat awal kerana mesyuarat guru
safe,Parents boleh ambil surat di pejabat sekolah
safe,Sila bawa buku teks sejarah esok
safe,Latihan BI muka surat 22 hingga 24
safe,Esok pakaian sukan lengkap
safe,Cikgu akan buat aktiviti kumpulan dalam kelas
safe,Sila pastikan anak bawa mask jika perlu
safe,Parents mohon isi borang maklumat murid
safe,Program kem motivasi akan dimaklumkan kemudian
safe,Assalam murid diminta hadir awal esok
safe,Sila bawa duit kecil untuk koperasi jika perlu
safe,Parents ingatkan anak siapkan projek seni
safe,Esok ada perhimpunan rasmi
safe,Cikgu share nota ringkas topik hari ini
safe,Sila pastikan anak buat latihan tambahan
safe,Parents please check attendance anak
safe,Esok ada latihan bola jaring
safe,Buku teks akan dipinjamkan minggu ini
safe,Assalam mohon kerjasama hantar anak ikut masa
safe,Sila tulis nama pada semua buku anak
safe,Parents mohon hadir perjumpaan ringkas selepas sekolah
safe,Cikgu akan bagi feedback markah kuiz
safe,Terima kasih
safe,Sila semak surat yang anak bawa balik
safe,Parents mohon prepare alat tulis tambahan
safe,Esok kelas online guna Telegram group
safe,Sila ingatkan anak jangan lewat
safe,Parents boleh tanya jika kurang jelas
safe,Assalam peringatan bayar yuran PIBG ikut arahan sekolah
safe,Esok ada latihan drama bahasa
safe,Sila pastikan anak bawa calculator untuk Math
safe,Parents please reply ok apabila sudah baca
safe,Terima kasih semua parents
safe,Anak diminta bawa kertas A4 esok
safe,Sila bawa buku latihan BM untuk semakan
safe,Parents mohon sokongan untuk aktiviti kelas
safe,Assalam mohon update alamat jika pindah
suspicious,Urgent sila sahkan akaun anda sekarang
suspicious,Perhatian mesej ini penting tindakan segera diperlukan
suspicious,Sila verify maklumat untuk elak sekatan akaun
suspicious,Final notice tindakan diperlukan hari ini
suspicious,Account alert log masuk mencurigakan dikesan
suspicious,Sila kemaskini maklumat peribadi sekarang
suspicious,Your account will be locked if no action
suspicious,Sila klik untuk semak status akaun
suspicious,Warning akaun anda berisiko
suspicious,Sila confirm maklumat untuk pengesahan
suspicious,Notis akhir sila respon segera
suspicious,Sila verify identity anda sekarang
suspicious,Pengesahan diperlukan dalam 24 jam
suspicious,Segera semak mesej ini
suspicious,Important update diperlukan
suspicious,Sila buat pengesahan segera
suspicious,Akaun anda mungkin disekat
suspicious,Security alert sila sahkan
suspicious,Anda perlu tindakan sekarang
suspicious,Sila check status terkini akaun
suspicious,Sila isi maklumat untuk pengaktifan
suspicious,Perlu pengesahan untuk teruskan
suspicious,Account suspended sementara
suspicious,Sila hubungi support melalui link
suspicious,Urgent message sila baca sekarang
suspicious,Notis pembayaran tertunggak sila semak
suspicious,Anda ada transaksi luar biasa
suspicious,Sila confirm nombor telefon anda
suspicious,Sila verify email anda
suspicious,Action required untuk keselamatan
suspicious,Sila semak detail akaun
suspicious,Permintaan pengesahan diterima
suspicious,Sila lakukan semakan segera
suspicious,Akaun akan ditutup jika lewat
suspicious,Sila tekan untuk teruskan
suspicious,Sila klik untuk pengesahan
suspicious,Urgent verify now
suspicious,Anda perlu kemaskini data
suspicious,Notis keselamatan sila respon
suspicious,Semak status penghantaran melalui pautan
suspicious,Sila sahkan info pembayaran
suspicious,Anda diminta isi borang ringkas segera
suspicious,Sila check akaun anda
suspicious,Perlu tindakan segera untuk elak masalah
suspicious,Sila buat update sekarang
suspicious,Mesej penting dari pihak bank
suspicious,Sila sahkan akaun bank anda
suspicious,Notis rasmi tindakan diperlukan
suspicious,Account verification required
suspicious,Sila respond secepat mungkin
suspicious,Sila semak dan sahkan
phishing,Maybank alert akaun anda disekat sila verify di maybank-login.xyz
phishing,KWSP akaun dibekukan sila sahkan identiti di epf-secure.site
phishing,Shopee refund gagal sila isi detail bank di refund-secure.site
phishing,DHL parcel gagal hantar bayar RM3 di dhl-support.xyz
phishing,TAHniah anda menang RM500 klik claim di hadiah-topup.xyz
phishing,Urgent cikgu sila update maklumat melalui portal-guru.site sekarang
phishing,Akaun telegram anda akan locked verify di telegram-check.xyz
phishing,Anda ada transaksi luar biasa klik semak di bank-alert.top
phishing,Final warning akaun akan ditutup klik verify di secure-bank.site
phishing,Sila tekan link untuk aktifkan akaun sekarang di my-account-verify.xyz
phishing,Perlu OTP untuk sahkan akaun balas OTP anda sekarang
phishing,Sila bagi kod OTP untuk elak akaun disekat
phishing,Security team minta anda confirm OTP segera
phishing,Anda menerima TAC sila berikan TAC untuk pengesahan
phishing,Update sistem diperlukan klik di sistem-update.xyz
phishing,Akaun anda suspended klik untuk unlock di unlock-now.site
phishing,Bayaran tertunggak sila bayar melalui pay-now.top
phishing,Anda layak dapat bantuan RM600 daftar di bantuan-my.xyz
phishing,Claim voucher RM200 klik di voucher-free.site
phishing,Semak saman PDRM bayar diskaun di pdrm-diskaun.xyz
phishing,MySejahtera update diperlukan klik di mysejahtera-login.site
phishing,Tabung Haji notis akaun sila verify di th-verify.xyz
phishing,Poslaju parcel tahan customs bayar fee di poslaju-pay.site
phishing,Touch n Go eWallet perlu verify klik tng-verify.top
phishing,Unifi bil overdue bayar di unifi-bill.site
phishing,TNB bill tertunggak klik bayar di tnb-payment.xyz
phishing,Your Apple ID locked verify at apple-secure-id.top
phishing,PayPal security alert verify at paypal-confirm.site
phishing,Netflix account suspended update payment at netflix-billing.xyz
phishing,You won iPhone claim now at claim-iphone.site
phishing,Free data internet klik redeem di redeem-data.xyz
phishing,Cikgu ada surat penting klik link untuk download di file-download.top
phishing,Update maklumat sekolah segera di sekolah-update.site
phishing,Anda dipilih untuk hadiah klik link sekarang di prize-claim.xyz
phishing,Permohonan pinjaman lulus klik semak di loan-approve.site
phishing,Maybank2u verify required klik di maybank2u-secure.top
phishing,CIMB alert login attempt klik di cimb-secure.xyz
phishing,RHB account blocked klik di rhb-unblock.site
phishing,Hong Leong verify now klik hlb-verify.top
phishing,BSN akaun disekat klik bsn-login.xyz
phishing,Public Bank security alert klik pb-secure.site
phishing,Scammer alert sila isi maklumat klik scam-check.xyz
phishing,Anda perlu kemaskini IC klik ic-update.site
phishing,Permohonan bantuan sekolah klik bantuan-sekolah.xyz
phishing,Semak keputusan peperiksaan klik result-check.top
phishing,Claim bantuan awal persekolahan klik bantuan-early.site
phishing,Teacher account verification klik guru-portal.xyz
phishing,WhatsApp verification required klik wa-verify.site
phishing,Telegram premium free klik tg-premium.xyz
phishing,Anda terima refund RM120 klik refund-now.top
phishing,Refund cukai lulus klik tax-refund.site
phishing,Anda layak dapat eMadani daftar di emadani-claim.xyz
phishing,Daftar STR segera klik str-register.site
phishing,Bantuan sara hidup klik bantuan-sara.xyz
phishing,Update bank detail untuk bayaran klik bank-detail.site
phishing,Sila login untuk semak notis klik portal-notis.xyz
phishing,Your account compromised reset password at reset-now.site
phishing,Password expire update at password-update.xyz
phishing,Secure message view at secure-msg.site
phishing,Document shared view at doc-view.top
phishing,Anda dapat jemputan kerja part time klik job-offer.site
phishing,Gaji RM500 sehari daftar di kerja-mudah.xyz
phishing,Investment cepat kaya klik invest-now.top
phishing,Forex signal free klik forex-free.site
phishing,Bitcoin promo claim klik btc-claim.xyz
phishing,Anda menang lucky draw klik lucky-claim.site
phishing,Free shopping voucher klik shop-voucher.xyz
phishing,Semak tracking parcel klik track-now.site
phishing,Parcel gagal hantar update alamat klik address-update.xyz
phishing,Bayar fee penghantaran klik delivery-fee.top
phishing,Notis mahkamah klik court-notice.site
phishing,Notis polis klik police-notice.xyz
phishing,SPRM notis rasmi klik sprm-alert.site
phishing,JPJ saman diskaun klik jpj-diskaun.xyz
phishing,Anda perlu bayar saman klik bayar-saman.site
phishing,Update eWallet security klik ewallet-secure.xyz
phishing,Claim cashback klik cashback-now.site
phishing,Topup percuma klik topup-free.top
phishing,Anda terpilih hadiah sekolah klik hadiah-sekolah.site
phishing,PTPTN bayaran tertunggak klik ptptn-pay.xyz
phishing,PTPTN diskaun bayar klik ptptn-diskaun.site
phishing,Anda diminta isi borang pengesahan klik verify-form.xyz
phishing,Sila klik link untuk sahkan nombor telefon klik phone-verify.site
phishing,Notis akaun dibekukan segera klik freeze-check.xyz
phishing,Urgent verify to avoid permanent block klik verify-24h.site
phishing,Akaun anda akan ditamatkan klik terminate-now.xyz
phishing,Sila semak penyata klik statement-view.site
phishing,Download slip bayaran klik slip-download.top
phishing,Reset PIN diperlukan klik pin-reset.xyz
phishing,TAC diperlukan untuk release payment balas TAC sekarang
phishing,Anda menerima OTP jangan abaikan berikan OTP untuk confirm
phishing,Support agent minta OTP untuk proses refund
phishing,Sila beri OTP untuk aktifkan akaun
phishing,Bank agent minta kod TAC untuk keselamatan
phishing,Sila klik link dan masukkan OTP di otp-check.site
phishing,Masukkan OTP untuk selesai verifikasi di verify-otp.xyz
phishing,OTP anda telah tamat klik generate di otp-new.site
phishing,Anda dipilih bantuan khas klik bantuan-khas.xyz
phishing,Claim bantuan hari ini sahaja klik claim-today.site
phishing,Promo tamat malam ini klik promo-last.xyz
phishing,Last chance claim sekarang klik last-claim.site
phishing,Sila login akaun untuk semak klik login-check.xyz
phishing,Account update required klik update-required.site
phishing,Payment failed update card klik card-update.xyz
phishing,Your order problem click resolve at order-fix.site
phishing,Parcel held click release at release-parcel.xyz
phishing,Refund pending click confirm at confirm-refund.site
phishing,Anda perlu isi maklumat bank klik bank-info.xyz
phishing,Update alamat segera klik update-alamat.site
phishing,Akaun sekolah anda bermasalah klik sekolah-login.xyz
phishing,Sila klik pautan untuk maklumat lanjut klik info-more.site
phishing,Link keselamatan klik secure-link.xyz
phishing,Anda menerima notis penting klik notis-penting.site
phishing,Verify now to continue klik continue-verify.xyz